5551902028,1155 1929 0033,CORE ASSEMBLY,12437
5551902028,5516 251 005,BACK PLATE,702
5551902028,63167120035,FLINGER SLEEVE,405
5551902028,5516151007,CENTRAL HOUSING,1134
5551902028,5516351006,COMPRESSOR WHEEL,2835
5561902003,5516922305,CORE ASSEMBLY,11843
5561902003,53141515702,BACK PLATE,891
5561902003,63167120035,FLINGER SLEEVE,405
5561902003,53161510005,CENTRAL HOUSING,1188
5561902003,5924351008,COMPRESSOR WHEEL,2835
5561902003,68201109990,ACTUATOR ASSEMBLY,1701
5561902052,1155 190 00041,CORE ASSEMBLY,12194
5561902052,53141515702,BACK PLATE,1614
5561902052,63167120035,FLINGER SLEEVE,405
5561902052,5516151007,CENTRAL HOUSING,1134
5561902052,5924351008,COMPRESSOR WHEEL,2835
5561902052,68201109990,ACTUATOR ASSEMBLY,1701
5562902037,1155 1929 0040,CORE ASSEMBLY,12194
5562902037,5924251001,BACK PLATE,1614
5562902037,63167120035,FLINGER SLEEVE,405
5562902037,1155 1151 0013,CENTRAL HOUSING,999
5562902037,5516351010,ACTUATOR ASSEMBLY,3132
5562902037,7027922315,CORE ASSEMBLY,12728
5562902037,53271516700,BACK PLATE,1053
7074902046,63277120003,FLINGER SLEEVE,405
7074902046,7027152001,CENTRAL HOUSING,1917
7074902046,5327 7123 2310,COMPRESSOR WHEEL,2889
7074902046,7027922317,CORE ASSEMBLY,13862
7074902046,53271516739,BACK PLATE,2403
7077902027,63277120003,FLINGER SLEEVE,405
7077902027,7027152002,CENTRAL HOUSING,1917
7077902027,7027351003,COMPRESSOR WHEEL,3456
7077902027,7027922317,CORE ASSEMBLY,13862
7077902027,53271516739,BACK PLATE,2403
7077902034,63277120003,FLINGER SLEEVE,405
7077902034,7027152002,CENTRAL HOUSING,1917
7077902034,7027351003,COMPRESSOR WHEEL,3456
7077902034,3535922306,CORE ASSEMBLY,6632
7077902034,3535602014,ACTUATOR ASSEMBLY,1377
3537902011,1155 1929 0066,CORE ASSEMBLY,10825
3537902011,5924251001,BACK PLATE,810
5562902021,63167120035,FLINGER SLEEVE,405
5562902021,5516151001,CENTRAL HOUSING,1188
5562902021,53241232032,COMPRESSOR WHEEL,2835
5562902021,1155 1929 0040,CORE ASSEMBLY,12194
5562902021,5924251001,BACK PLATE,810
5562902064,63167120035,FLINGER SLEEVE,405
5562902064,5516151001,CENTRAL HOUSING,1188
5562902064,5516351010,COMPRESSOR WHEEL,3132
5562902064,7027922317,CORE ASSEMBLY,13862
5562902064,7027251010,BACK PLATE,2403
7077902070,63277120003,FLINGER SLEEVE,405
7077902070,7027152002,CENTRAL HOUSING,1917
7077902070,7027602001,ACTUATOR ASSEMBLY,1917
7077902070,7027602049,COMPRESSOR WHEEL,3456
7077902070,1270 1929 0053,CORE ASSEMBLY,10790
7077902070,53271515739,BACK PLATE,1053
53279706216,63277120003,FLINGER SLEEVE,405
53279706216,7027152001,CENTRAL HOUSING,1917
53279706216,53271232227,COMPRESSOR WHEEL,3456
53279706216,1270 1929 0053,CORE ASSEMBLY,10790
53279706216,53271515739,BACK PLATE,1053
53279706218,63277120003,FLINGER SLEEVE,405
53279706218,7027152001,CENTRAL HOUSING,1917
53279706218,53271232227,COMPRESSOR WHEEL,3456
53279706218,1270 1929 0052,CORE ASSEMBLY,11357
53279706218,53271516700,BACK PLATE,1053
53279706447,63277120003,FLINGER SLEEVE,405
53279706447,7027152001,CENTRAL HOUSING,1917
53279706447,53271232226,COMPRESSOR WHEEL,2889
53279706447,63277100111,CORE ASSEMBLY,14645
53279706447,53271516700,BACK PLATE,1053
53279706744,63277120003,FLINGER SLEEVE,405
53279706744,63271500030,CENTRAL HOUSING,1917
53279706744,53271232230,COMPRESSOR WHEEL,2889
53279706744,63277100111,CORE ASSEMBLY,14645
53279706744,53271516700,BACK PLATE,1053
53279706746,63277120003,FLINGER SLEEVE,405
53279706746,63271500030,CENTRAL HOUSING,1917
53279706746,53271232230,COMPRESSOR WHEEL,2889
53279706746,7027922302,CORE ASSEMBLY,12809
53279706746,53271516700,BACK PLATE,1053
53279706750,63277120003,FLINGER SLEEVE,405
53279706750,7027152001,CENTRAL HOUSING,1917
53279706750,7027602001,ACTUATOR ASSEMBLY,1917
53279706750,1270 1929 0045,CORE ASSEMBLY,10393
53279706750,53271516700,BACK PLATE,1053
53279706752,63277120003,FLINGER SLEEVE,405
53279706752,70271500011,CENTRAL HOUSING,1917
53279706752,53271232230,COMPRESSOR WHEEL,2889
53279706752,7027922302,CORE ASSEMBLY,12809
53279706752,53271516700,BACK PLATE,1053
53279706817,63277120003,FLINGER SLEEVE,405
53279706817,7027152001,CENTRAL HOUSING,1917
53279706817,7027602015,ACTUATOR ASSEMBLY,2133
53279706817,53271232230,COMPRESSOR WHEEL,2889
53279706817,1150 1929 0003,CORE ASSEMBLY,9919
53279706817,63167120035,FLINGER SLEEVE,405
5151902007,5516351007,COMPRESSOR WHEEL,2646
5151902007,1150 1929 0064,CORE ASSEMBLY,9282
5151902007,52161515701,BACK PLATE,675
5555902001,63167120035,FLINGER SLEEVE,405
5555902001,5516152001,CENTRAL HOUSING,1188
5555902001,53161232003,COMPRESSOR WHEEL,2835
5555902001,1150 1929 0028,CORE ASSEMBLY,10601
5555902001,5516251012,BACK PLATE,702
5555902066,63167120035,FLINGER SLEEVE,405
5555902066,5516351026,COMPRESSOR WHEEL,3037
5555902066,5516922312,CORE ASSEMBLY,1060`
5555902066,5516251001,BACK PLATE,810
5562902038,63167120035,FLINGER SLEEVE,405
5562902038,5516351010,COMPRESSOR WHEEL,3132
5562902038,6526922301,CORE ASSEMBLY,12134
5562902038,53261515713,BACK PLATE,837
6566902007,63267120015,FLINGER SLEEVE,540
6566902007,7027152002,CENTRAL HOUSING,1917
6566902007,6526602002,ACTUATOR ASSEMBLY,1917
6566902007,53261232201,COMPRESSOR WHEEL,3537
6566902007,6526922301,CORE ASSEMBLY,12134
6566902007,53261515713,BACK PLATE,837
6566902008,63267120015,FLINGER SLEEVE,540
6566902008,7027152002,CENTRAL HOUSING,1917
6566902008,6526602002,ACTUATOR ASSEMBLY,1917
6566902008,53261232201,COMPRESSOR WHEEL,3537
6566902008,7027922314,CORE ASSEMBLY,12728
6566902008,53271516700,BACK PLATE,1053
7074902013,63277120003,FLINGER SLEEVE,405
7074902013,63271500030,CENTRAL HOUSING,1917
7074902013,53271232310,COMPRESSOR WHEEL,2889
7074902013,7027922315,CORE ASSEMBLY,12728
7074902013,53271516700,BACK PLATE,1053
7074902014,63277120003,FLINGER SLEEVE,405
7074902014,7027152001,CENTRAL HOUSING,1917
7074902014,53271232310,COMPRESSOR WHEEL,2889
7074902014,7027922315,CORE ASSEMBLY,12728
7074902014,53271516700,BACK PLATE,1053
7074902016,63277120003,FLINGER SLEEVE,405
7074902016,7027152001,CENTRAL HOUSING,1917
7074902016,53271232310,COMPRESSOR WHEEL,2889
7074902016,1150 1929 0064,CORE ASSEMBLY,9282
7074902016,52161515701,BACK PLATE,675
53169706741,63167120035,FLINGER SLEEVE,405
53169706741,5516152001,CENTRAL HOUSING,1188
53169706741,53161232003,COMPRESSOR WHEEL,2835
53169706741,68201109998,ACTUATOR ASSEMBLY,1323
53169706741,1155 1929 0050,CORE ASSEMBLY,11897
53169706741,1155 1151 10013,CENTRAL HOUSING,999
1155 2902 0545,1155 1929 0055,CORE ASSEMBLY,10088
1156 2902 0545,1155 1151 10013,CENTRAL HOUSING,999
5562902059,20351 1929 0030,CORE ASSEMBLY,6119
5562902059,3535602006,ACTUATOR ASSEMBLY,1107
54359770005,20351 1929 0013,CORE ASSEMBLY,11227
54359770005,1043 1929 0018,CORE ASSEMBLY,12685
54359700014,4503401300,FLINGER SLEEVE,324
4346902002,1043 1929 0014,CORE ASSEMBLY,12685
4346902002,4503401300,FLINGER SLEEVE,324
4346902012,1043 1929 0014,CORE ASSEMBLY,12685
4346902012,4503401300,FLINGER SLEEVE,324
4346902025,1043 1929 0017,CORE ASSEMBLY,12685
4346902025,4503401300,FLINGER SLEEVE,324
4346902031,63047100064,CORE ASSEMBLY,9930
4346902031,53041515702,BACK PLATE,351
5004902001,4503401300,FLINGER SLEEVE,324
5004902001,5004602004,ACTUATOR ASSEMBLY,1485
5004902001,63047100206,CORE ASSEMBLY,9768
5004902001,10451 1251 0013,BACK PLATE,378
5004902003,63047100206,CORE ASSEMBLY,9768
5004902003,10451 1251 0013,BACK PLATE,378
50519020210,63047100064,CORE ASSEMBLY,9930
50519020210,53041515702,BACK PLATE,351
53497000012,4503401300,FLINGER SLEEVE,324
53497000012,68201109985,ACTUATOR ASSEMBLY,1539
53497000012,63047100064,CORE ASSEMBLY,9930
53497000012,53041515702,BACK PLATE,351
53497000030,4503401300,FLINGER SLEEVE,324
53497000030,68201109985,ACTUATOR ASSEMBLY,1539
53497000030,1120 1929 0004,CORE ASSEMBLY,13716
53497000030,1050 1929 0018,CORE ASSEMBLY,13851
5151902006,3535922305,CORE ASSEMBLY,6119
1050 2902 0696,3535602007,ACTUATOR ASSEMBLY,1134
54359700009,2031 1929 0001,CORE ASSEMBLY,6956
54359700009,4503922301,CORE ASSEMBLY,9332
3133902002,53041515712,BACK PLATE,351
5303 970 0098,4503401300,FLINGER SLEEVE,324
5304 970 0098,6304 123 9999,COMPRESSOR WHEEL,1620
5305 970 0098,20351 1929 0015,CORE ASSEMBLY,6605
5306 970 0098,1043 1929 0007,CORE ASSEMBLY,12061
3537902034,4503922304,CORE ASSEMBLY,8065
4351902003,4503401300,FLINGER SLEEVE,324
4550902014,5004602004,ACTUATOR ASSEMBLY,1485
4550902014,6304 123 9999,COMPRESSOR WHEEL,1620
4550902014,10451 1251 0013,BACK PLATE,378